4046,8
4047,10
4048,8
4049,10
4050,8
4051,8
4052,8
4053,8
4054,8
4055,10
4056,8
4057,10
4058,10
4059,8
4060,8
4061,8
4062,8
4063,10
4064,3
4065,8
4066,8
4067,10
4068,10
4069,10
4070,10
4071,10
4072,8
4073,8
4074,10
4075,8
4076,10
4077,8
4078,10
4079,8
4080,8
4081,8
4082,8
4083,10
4084,8
4085,10
4086,8
4087,8
4088,10
4089,8
4090,10
4091,8
4092,8
4093,10
4094,10
4095,8
4096,10
4097,8
4098,8
4099,8
4100,8
4101,10
4102,8
4103,8
4104,10
4105,10
4106,10
4107,10
4108,8
4109,3
4110,10
4111,8
4112,10
4113,8
4114,0
4115,8
4116,8
4117,8
4118,10
4119,8
4120,10
4121,8
4122,8
4123,8
4124,10
4125,8
4126,10
4127,8
4128,0
4129,10
4130,10
4131,8
4132,3
4133,10
4134,8
4135,8
4136,8
4137,8
4138,8
4139,8
4140,3
4141,8
4142,10
4143,10
4144,8
4145,3
4146,8
4147,8
4148,10
4149,10
4150,10
4151,3
4152,8
4153,8
4154,10
4155,8
4156,10
4157,8
4158,8
4159,3
4160,10
4161,10
4162,10
4163,10
4164,8
4165,8
4166,8
4167,10
4168,10
4169,8
4170,10
4171,8
4172,10
4173,10
4174,8
4175,3
4176,3
4177,10
4178,8
4179,8
4180,8
4181,10
4182,10
4183,10
4184,3
4185,8
4186,8
4187,10
4188,3
4189,8
4190,8
4191,3
4192,8
4193,0
4194,8
4195,8
4196,8
4197,10
4198,10
4199,8
4200,8
4201,8
4202,10
4203,8
4204,10
4205,8
4206,10
4207,10
4208,8
4209,10
4210,8
4211,10
4212,10
4213,10
4214,10
4215,8
4216,3
4217,8
4218,8
4219,10
4220,8
4221,0
4222,8
4223,8
4224,8
4225,10
4226,10
4227,8
4228,10
4229,8
4230,8
4231,10
4232,8
4233,10
4234,10
4235,8
4236,10
4237,10
4238,8
4239,10
4240,8
4241,10
4242,8
4243,10
4244,10
4245,8
4246,10
4247,8
4248,8
4249,10
4250,8
4251,10
4252,10
4253,3
4254,8
4255,10
4256,8
4257,8
4258,2
4259,8
4260,8
4261,10
4262,8
4263,8
4264,8
4265,8
4266,10
4267,10
4268,8
4269,8
4270,8
4271,8
4272,10
4273,8
4274,10
4275,10
4276,10
4277,8
4278,10
4279,10
4280,10
4281,10
4282,10
4283,8
4284,8
4285,8
4286,10
4287,8
4288,8
4289,8
4290,8
4291,8
4292,8
4293,8
4294,10
4295,8
4296,8
4297,8
4298,8
4299,8
4300,8
4301,10
4302,8
4303,2
4304,8
4305,8
4306,8
4307,10
4308,10
4309,10
4310,10
4311,8
4312,8
4313,10
4314,8
4315,8
4316,8
4317,10
4318,8
4319,10
4320,10
4321,8
4322,10
4323,8
4324,8
4325,8
4326,8
4327,8
4328,8
4329,8
4330,8
4331,10
4332,8
4333,8
4334,8
4335,8
4336,10
4337,8
4338,8
4339,2
4340,8
4341,8
4342,10
4343,3
4344,2
4345,8
4346,8
4347,3
4348,8
4349,10
4350,10
4351,8
4352,8
4353,8
4354,8
4355,3
4356,8
4357,8
4358,10
4359,10
4360,8
4361,8
4362,10
4363,10
4364,10
4365,8
4366,8
4367,10
4368,8
4369,10
4370,8
4371,8
4372,8
4373,8
4374,8
4375,10
4376,10
4377,8
4378,8
4379,10
4380,8
4381,10
4382,8
4383,10
4384,8
4385,10
4386,8
4387,10
4388,8
4389,10
4390,3
4391,8
4392,10
4393,8
4394,10
4395,3
4396,10
4397,3
4398,8
4399,10
4400,8
4401,8
4402,10
4403,10
4404,10
4405,10
4406,8
4407,8
4408,10
4409,10
4410,8
4411,8
4412,10
4413,10
4414,10
4415,8
4416,10
4417,10
4418,8
4419,8
4420,8
4421,9
4422,10
4423,8
4424,8
4425,8
4426,8
4427,10
4428,8
4429,8
4430,8
4431,10
4432,10
4433,8
4434,8
4435,10
4436,3
4437,8
4438,8
4439,8
4440,8
4441,10
4442,8
4443,10
4444,8
4445,10
4446,10
4447,8
4448,8
4449,8
4450,8
4451,8
4452,10
4453,10
4454,8
4455,8
4456,8
4457,8
4458,8
4459,8
4460,10
4461,10
4462,8
4463,8
4464,8
4465,8
4466,8
4467,10
4468,8
4469,10
4470,10
4471,8
4472,10
4473,8
4474,10
4475,8
4476,10
4477,8
4478,10
4479,8
4480,10
4481,10
4482,8
4483,10
4484,8
4485,7
4486,10
4487,10
4488,10
4489,8
4490,8
4491,8
4492,8
4493,10
4494,8
4495,8
4496,10
4497,8
4498,10
4499,8
4500,8
4501,8
4502,10
4503,10
4504,10
4505,10
4506,8
4507,10
4508,8
4509,10
4510,8
4511,8
4512,2
4513,10
4514,3
4515,8
4516,8
4517,10
4518,8
4519,10
4520,8
4521,8
4522,10
4523,8
4524,10
4525,10
4526,10
4527,10
4528,10
4529,8
4530,8
4531,8
4532,3
4533,10
4534,10
4535,8
4536,10
4537,10
4538,8
4539,8
4540,8
4541,8
4542,10
4543,8
4544,8
4545,10
4546,10
4547,10
4548,10
4549,8
4550,8
4551,8
4552,8
4553,10
4554,8
4555,8
4556,10
4557,8
4558,8
4559,8
4560,8
4561,10
4562,10
4563,10
4564,8
4565,10
4566,8
4567,10
4568,3
4569,8
4570,8
4571,8
4572,8
4573,8
4574,10
4575,8
4576,8
4577,8
4578,10
4579,8
4580,10
4581,8
4582,8
4583,8
4584,3
4585,3
4586,8
4587,10
4588,8
4589,8
4590,8
4591,8
4592,10
4593,10
4594,3
4595,8
4596,10
4597,10
4598,10
4599,8
4600,10
4601,8
4602,10
4603,8
4604,8
4605,8
4606,8
4607,3
4608,8
4609,10
4610,10
4611,8
4612,8
4613,8
4614,8
4615,8
4616,8
4617,8
4618,10
4619,10
4620,8
4621,10
4622,10
4623,8
4624,8
4625,10
4626,8
4627,10
4628,3
4629,3
4630,8
4631,8
4632,8
4633,8
4634,10
4635,8
4636,10
4637,8
4638,10
4639,8
4640,8
4641,8
4642,8
4643,10
4644,10
4645,10
4646,10
4647,8
4648,10
4649,8
4650,10
4651,10
4652,3
4653,8
4654,10
4655,10
4656,10
4657,8
4658,10
4659,10
4660,8
4661,8
4662,8
4663,10
4664,8
4665,8
4666,8
4667,8
4668,10
4669,8
4670,8
4671,8
4672,10
4673,8
4674,10
4675,10
4676,10
4677,8
4678,8
4679,8
4680,3
4681,3
4682,3
4683,8
4684,10
4685,8
4686,0
4687,10
4688,10
4689,8
4690,8
4691,8
4692,10
4693,8
4694,10
4695,8
4696,10
4697,10
4698,10
4699,10
4700,8
4701,8
4702,8
4703,10
4704,8
4705,8
4706,10
4707,10
4708,10
4709,8
4710,10
4711,10
4712,8
4713,10
4714,8
4715,10
4716,8
4717,10
4718,10
4719,10
4720,10
4721,8
4722,10
4723,10
4724,8
4725,8
4726,10
4727,8
4728,8
4729,8
4730,10
4731,8
4732,10
4733,8
4734,8
4735,10
4736,8
4737,8
4738,10
4739,3
4740,10
4741,3
4742,8
4743,10
4744,10
4745,10
4746,10
4747,3
4748,10
4749,8
4750,8
4751,8
4752,8
4753,8
4754,8
4755,8
4756,8
4757,10
4758,10
4759,10
4760,8
4761,8
4762,10
4763,8
4764,8
4765,8
4766,10
4767,8
4768,10
4769,10
4770,8
4771,8
4772,3
4773,8
4774,8
4775,8
4776,8
4777,3
4778,10
4779,3
4780,8
4781,3
4782,10
4783,8
4784,8
4785,10
4786,3
4787,10
4788,10
4789,8
4790,10
4791,3
4792,8
4793,8
4794,10
4795,8
4796,8
4797,8
4798,10
4799,8
4800,8
4801,10
4802,8
4803,10
4804,10
4805,8
4806,8
4807,8
4808,8
4809,3
4810,10
4811,8
4812,10
4813,8
4814,8
4815,8
4816,10
4817,10
4818,8
4819,8
4820,10
4821,8
4822,8
4823,10
4824,8
4825,8
4826,8
4827,8
4828,8
4829,8
4830,8
4831,10
4832,10
4833,10
4834,8
4835,8
4836,8
4837,8
4838,10
4839,10
4840,8
4841,2
4842,10
4843,10
4844,10
4845,10
4846,8
4847,8
4848,8
4849,8
4850,10
4851,8
4852,8
4853,8
4854,10
4855,8
4856,8
4857,8
4858,10
4859,10
4860,8
4861,8
4862,8
4863,10
4864,8
4865,8
4866,8
4867,10
4868,8
4869,10
4870,3
4871,10
4872,8
4873,10
4874,10
4875,8
4876,10
4877,8
4878,8
4879,8
4880,10
4881,8
4882,10
4883,10
4884,10
4885,10
4886,10
4887,10
4888,10
4889,8
4890,8
4891,10
4892,10
4893,8
4894,10
4895,8
4896,10
4897,8
4898,8
4899,10
4900,8
4901,10
4902,10
4903,10
4904,10
4905,10
4906,10
4907,8
4908,10
4909,8
4910,8
4911,8
4912,10
4913,10
4914,10
4915,8
4916,10
4917,8
4918,8
4919,8
4920,8
4921,10
4922,3
4923,8
4924,10
4925,10
4926,8
4927,8
4928,3
4929,8
4930,3
4931,10
4932,8
4933,8
4934,8
4935,10
4936,10
4937,8
4938,10
4939,8
4940,8
4941,10
4942,10
4943,10
4944,8
4945,8
4946,8
4947,8
4948,8
4949,8
4950,8
4951,10
4952,8
4953,10
4954,8
4955,8
4956,8
4957,3
4958,10
4959,2
4960,10
4961,10
4962,8
4963,8
4964,10
4965,10
4966,8
4967,10
4968,8
4969,8
4970,8
4971,8
4972,10
4973,10
4974,8
4975,10
4976,8
4977,10
4978,10
4979,8
4980,8
4981,10
4982,10
4983,10
4984,8
4985,8
4986,8
4987,8
4988,10
4989,8
4990,10
4991,8
4992,8
4993,8
4994,8
4995,8
4996,10
4997,10
4998,8
4999,8
5000,8
5001,8
5002,10
5003,8
5004,10
5005,8
5006,10
5007,8
5008,8
5009,8
5010,8
5011,10
5012,10
5013,10
5014,8
5015,8
5016,10
5017,10
5018,8
5019,8
5020,8
5021,10
5022,10
5023,3
5024,10
5025,8
5026,8
5027,8
5028,10
5029,10
5030,10
5031,9
5032,10
5033,8
5034,10
5035,8
5036,10
5037,10
5038,10
5039,10
5040,10
5041,10
5042,2
5043,10
5044,2
5045,10
5046,8
5047,8
5048,10
5049,3
5050,8
5051,10
5052,10
5053,3
5054,8
5055,3
5056,10
5057,10
5058,10
5059,3
5060,8
5061,10
5062,8
5063,8
5064,8
5065,10
5066,10
5067,8
5068,10
5069,8
5070,8
5071,10
5072,10
5073,9
5074,8
5075,8
5076,10
5077,10
5078,8
5079,10
5080,8
5081,10
5082,3
5083,3
5084,3
5085,8
5086,10
5087,10
5088,8
5089,2
5090,10
5091,10
5092,10
5093,8
5094,10
5095,8
5096,8
5097,8
5098,2
5099,8
5100,8
5101,10
5102,8
5103,8
5104,8
5105,8
5106,8
5107,10
5108,10
5109,3
5110,10
5111,10
5112,8
5113,8
5114,10
5115,8
5116,10
5117,10
5118,2
5119,10
5120,10
5121,8
5122,10
5123,8
5124,10
5125,10
5126,8
5127,3
5128,8
5129,8
5130,8
5131,8
5132,10
5133,8
5134,10
5135,8
5136,10
5137,8
5138,10
5139,3
5140,8
5141,10
5142,8
5143,8
5144,3
5145,10
5146,8
5147,10
5148,3
5149,8
5150,8
5151,10
5152,10
5153,8
5154,8
5155,8
5156,10
5157,10
5158,8
5159,3
5160,10
5161,10
5162,10
5163,10
5164,8
5165,8
5166,10
5167,8
5168,8
5169,10
5170,8
5171,10
5172,8
5173,8
5174,8
5175,8
5176,2
5177,8
5178,10
5179,8
5180,3
5181,8
5182,10
5183,8
5184,10
5185,8
5186,8
5187,8
5188,10
5189,10
5190,8
5191,8
5192,8
5193,8
5194,8
5195,8
5196,8
5197,8
5198,8
5199,10
5200,8
5201,8
5202,8
5203,10
5204,10
5205,8
5206,8
5207,10
5208,10
5209,8
5210,8
5211,10
5212,8
5213,8
5214,10
5215,10
5216,10
5217,3
5218,8
5219,10
5220,9
5221,10
5222,10
5223,8
5224,8
5225,10
5226,10
5227,8
5228,10
5229,8
5230,8
5231,10
5232,8
5233,8
5234,8
5235,10
5236,10
5237,8
5238,10
5239,8
5240,9
5241,8
5242,10
5243,8
5244,8
5245,8
5246,10
5247,10
5248,10
5249,8
5250,10
5251,10
5252,10
5253,10
5254,8
5255,8
5256,8
5257,8
5258,8
5259,8
5260,8
5261,8
5262,3
5263,8
5264,10
5265,10
5266,8
5267,10
5268,10
5269,10
5270,8
5271,10
5272,10
5273,8
5274,8
5275,10
5276,8
5277,10
5278,8
5279,8
5280,10
5281,8
5282,8
5283,8
5284,8
5285,10
5286,8
5287,10
5288,8
5289,8
5290,8
5291,8
5292,8
5293,8
5294,8
5295,8
5296,8
5297,10
5298,8
5299,8
5300,8
5301,10
5302,8
5303,3
5304,8
5305,8
5306,8
5307,8
5308,8
5309,8
5310,8
5311,10
5312,10
5313,10
5314,8
5315,8
5316,8
5317,8
5318,10
5319,8
5320,8
5321,10
5322,2
5323,8
5324,8
5325,8
5326,3
5327,8
5328,10
5329,8
5330,10
5331,10
5332,2
5333,8
5334,8
5335,10
5336,8
5337,8
5338,10
5339,8
5340,8
5341,10
5342,10
5343,10
5344,8
5345,10
5346,10
5347,8
5348,10
5349,8
5350,10
5351,10
5352,10
5353,10
5354,3
5355,8
5356,8
5357,8
5358,8
5359,8
5360,10
5361,8
5362,8
5363,8
5364,8
5365,10
5366,10
5367,10
5368,10
5369,8
5370,10
5371,10
5372,10
5373,8
5374,8
5375,10
5376,8
5377,8
5378,10
5379,10
5380,8
5381,10
5382,8
5383,8
5384,10
5385,8
5386,10
5387,10
5388,8
5389,10
5390,7
5391,8
5392,8
5393,10
5394,10
5395,8
5396,3
5397,10
5398,8
5399,8
5400,8
5401,8
5402,8
5403,8
5404,10
5405,8
5406,10
5407,10
5408,10
5409,10
5410,8
5411,10
5412,8
5413,10
5414,8
5415,8
5416,10
5417,10
5418,10
5419,8
5420,8
5421,8
5422,8
5423,8
5424,10
5425,3
5426,8
5427,8
5428,8
5429,8
5430,10
5431,8
5432,10
5433,8
5434,8
5435,10
5436,8
5437,10
5438,10
5439,10
5440,10
5441,10
5442,8
5443,8
5444,8
5445,10
5446,10
5447,8
5448,10
5449,8
5450,10
5451,8
5452,8
5453,8
5454,10
5455,10
5456,10
5457,8
5458,8
5459,3
5460,2
5461,8
5462,8
5463,3
5464,8
5465,10
5466,8
5467,10
5468,8
5469,3
5470,10
5471,8
5472,0
5473,8
5474,8
5475,10
5476,3
5477,2
5478,3
5479,3
5480,3
5481,8
5482,8
5483,8
5484,9
5485,10
5486,10
5487,8
5488,10
5489,8
5490,8
5491,3
5492,8
5493,8
5494,8
5495,8
5496,10
5497,3
5498,8
5499,10
5500,10
5501,8
5502,10
5503,2
5504,8
5505,10
5506,10
5507,10
5508,10
5509,10
5510,10
5511,8
5512,8
5513,8
5514,8
5515,8
5516,10
5517,10
5518,8
5519,10
5520,8
5521,10
5522,8
5523,8
5524,10
5525,8
5526,10
5527,8
5528,10
5529,8
5530,2
5531,8
5532,8
5533,8
5534,10
5535,10
5536,8
5537,8
5538,8
5539,8
5540,8
5541,3
5542,8
5543,10
5544,8
5545,8
5546,8
5547,8
5548,10
5549,8
5550,8
5551,8
5552,10
5553,10
5554,3
5555,8
5556,8
5557,8
5558,10
5559,8
5560,8
5561,10
5562,10
5563,8
5564,10
5565,10
5566,8
5567,10
5568,10
5569,8
5570,8
5571,8
5572,8
5573,8
5574,10
5575,8
5576,8
5577,8
5578,8
5579,8
5580,10
5581,8
5582,8
5583,8
5584,8
5585,8
5586,10
5587,8
5588,8
5589,8
5590,10
5591,8
5592,10
5593,8
5594,10
5595,8
5596,8
5597,8
5598,0
5599,8
5600,8
5601,3
5602,10
5603,10
5604,10
5605,10
5606,10
5607,10
5608,10
5609,10
5610,8
5611,8
5612,8
5613,8
5614,10
5615,10
5616,8
5617,10
5618,8
5619,8
5620,3
5621,8
5622,8
5623,8
5624,8
5625,8
5626,10
5627,8
5628,10
5629,10
5630,10
5631,10
5632,10
5633,10
5634,8
5635,8
5636,8
5637,3
5638,8
5639,8
5640,3
5641,10
5642,8
5643,8
5644,10
5645,8
5646,8
5647,3
5648,8
5649,8
5650,8
5651,8
5652,10
5653,8
5654,10
5655,3
5656,10
5657,8
5658,8
5659,8
5660,10
5661,10
5662,10
5663,8
5664,8
5665,8
5666,2
5667,8
5668,8
5669,8
5670,10
5671,10
5672,10
5673,8
5674,8
5675,8
5676,8
5677,2
5678,10
5679,8
5680,8
5681,10
5682,8
5683,8
5684,10
5685,10
5686,8
5687,10
5688,8
5689,3
5690,10
5691,8
5692,8
5693,8
5694,8
5695,10
5696,10
5697,8
5698,10
5699,8
5700,8
5701,10
5702,8
5703,8
5704,8
5705,8
5706,10
5707,8
5708,10
5709,8
5710,8
5711,8
5712,10
5713,10
5714,8
5715,10
5716,8
5717,10
5718,10
5719,8
5720,8
5721,8
5722,8
5723,3
5724,8
5725,8
5726,10
5727,8
5728,10
5729,8
5730,8
5731,8
5732,10
5733,8
5734,8
5735,8
5736,8
5737,8
5738,8
5739,8
5740,10
5741,10
5742,8
5743,3
5744,10
5745,3
5746,10
5747,8
5748,10
5749,10
5750,8
5751,10
5752,10
5753,8
5754,10
5755,10
5756,10
5757,8
5758,8
5759,8
5760,8
5761,10
5762,8
5763,10
5764,8
5765,8
5766,8
5767,8
5768,8
5769,10
5770,10
5771,8
5772,2
5773,8
5774,10
5775,10
5776,8
5777,10
5778,8
5779,10
5780,10
5781,8
5782,8
5783,8
5784,10
5785,8
5786,10
5787,3
5788,8
5789,8
5790,8
5791,8
5792,0
5793,8
5794,10
5795,8
5796,10
5797,8
5798,10
5799,8
5800,8
5801,3
5802,8
5803,8
5804,8
5805,8
5806,10
5807,8
5808,8
5809,10
5810,8
5811,8
5812,8
5813,10
5814,8
5815,8
5816,8
5817,10
5818,8
5819,10
5820,10
5821,8
5822,8
5823,3
5824,10
5825,8
5826,10
5827,8
5828,0
5829,8
5830,10
5831,8
5832,8
5833,8
5834,8
5835,8
5836,10
5837,8
5838,8
5839,10
5840,8
5841,8
5842,8
5843,8
5844,8
5845,8
5846,8
5847,8
5848,8
5849,8
5850,8
5851,10
5852,8
5853,10
5854,8
5855,8
5856,10
5857,10
5858,8
5859,8
5860,10
5861,8
5862,10
5863,10
5864,8
5865,10
5866,3
5867,8
5868,8
5869,3
5870,10
5871,8
5872,10
5873,8
5874,3
5875,8
5876,8
5877,10
5878,8
5879,8
5880,10
5881,8
5882,10
5883,10
5884,8
5885,8
5886,8
5887,8
5888,2
5889,10
5890,8
5891,10
5892,10
5893,8
5894,8
5895,10
5896,10
5897,8
5898,8
5899,8
5900,10
5901,8
5902,8
5903,8
5904,10
5905,10
5906,10
5907,8
5908,8
5909,10
5910,3
5911,8
5912,10
5913,8
5914,8
5915,8
5916,8
5917,8
5918,8
5919,8
5920,8
5921,8
5922,10
5923,8
5924,8
5925,8
5926,8
5927,10
5928,8
5929,8
5930,10
5931,8
5932,8
5933,10
5934,3
5935,10
5936,10
5937,8
5938,8
5939,8
5940,10
5941,10
5942,8
5943,3
5944,10
5945,10
5946,8
5947,8
5948,8
5949,10
5950,10
5951,10
5952,10
5953,8
5954,8
5955,8
5956,8
5957,3
5958,8
5959,8
5960,10
5961,8
5962,8
5963,8
5964,3
5965,8
5966,10
5967,8
5968,3
5969,10
5970,8
5971,10
5972,8
5973,8
5974,8
5975,10
5976,10
5977,8
5978,10
5979,8
5980,8
5981,8
5982,8
5983,8
5984,8
5985,10
5986,8
5987,10
5988,10
5989,8
5990,10
5991,8
5992,8
5993,8
5994,3
5995,8
5996,10
5997,8
5998,2
5999,10
6000,8
6001,10
6002,8
6003,10
6004,8
6005,8
6006,10
6007,10
6008,8
6009,10
6010,8
6011,8
6012,10
6013,8
6014,8
6015,10
6016,10
6017,3
6018,8
6019,10
6020,3
6021,8
6022,10
6023,8
6024,10
6025,2
6026,10
6027,10
6028,8
6029,10
6030,8
6031,8
6032,10
6033,10
6034,8
6035,8
6036,8
6037,8
6038,8
6039,10
6040,8
6041,8
6042,10
6043,10
6044,8
6045,10
6046,8
6047,10
6048,8
6049,8
6050,8
6051,8
6052,10
6053,10
6054,8
6055,8
6056,10
6057,8
6058,8
6059,10
6060,10
6061,10
6062,8
6063,8
6064,10
6065,8
6066,8
6067,8
6068,8
6069,10
6070,10
6071,3
6072,8
6073,8
6074,8
6075,8
6076,8
6077,10
6078,10
6079,8
6080,8
6081,8
6082,8
6083,10
6084,8
6085,10
6086,10
6087,10
6088,10
6089,8
6090,3
6091,8
6092,8
6093,10
6094,7
6095,8
6096,10
6097,8
6098,8
6099,8
6100,8
6101,8
6102,8
6103,10
6104,8
6105,10
6106,8
6107,8
6108,10
6109,10
6110,8
6111,3
6112,2
6113,10
6114,8
6115,3
6116,8
6117,8
6118,8
6119,3
6120,8
6121,8
6122,10
6123,10
6124,10
6125,10
6126,10
6127,8
6128,10
6129,8
6130,10
6131,10
6132,8
6133,8
6134,8
6135,8
6136,10
6137,8
6138,10
6139,10
6140,8
6141,10
6142,10
6143,10
6144,10
6145,8
6146,3
6147,8
6148,3
6149,8
6150,2
6151,10
6152,8
6153,8
6154,10
6155,10
6156,8
6157,3
6158,3
6159,8
6160,8
6161,10
6162,8
6163,8
6164,8
6165,8
6166,10
6167,10
6168,10
6169,8
6170,10
6171,8
6172,10
6173,8
6174,10
6175,10
6176,8
6177,8
6178,8
6179,10
6180,10
6181,8
6182,10
6183,8
6184,8
6185,10
6186,10
6187,8
6188,8
6189,8
6190,8
6191,10
6192,8
6193,10
6194,8
6195,8
6196,2
6197,10
6198,8
6199,3
6200,8
6201,8
6202,10
6203,8
6204,10
6205,8
6206,8
6207,10
6208,10
6209,10
6210,8
6211,10
6212,10
6213,10
6214,10
6215,8
6216,10
6217,10
6218,8
6219,8
6220,8
6221,10
6222,8
6223,8
6224,8
6225,10
6226,8
6227,8
6228,8
6229,10
6230,10
6231,8
6232,10
6233,8
6234,10
6235,10
6236,8
6237,8
6238,8
6239,10
6240,10
6241,10
6242,10
6243,8
6244,8
6245,10
6246,8
6247,8
6248,8
6249,8
6250,8
6251,8
6252,8
6253,10
6254,8
6255,10
6256,8
6257,8
6258,8
6259,3
6260,10
6261,8
6262,2
6263,10
6264,10
6265,8
6266,10
6267,10
6268,2
6269,10
6270,8
6271,3
6272,10
6273,10
6274,8
6275,8
6276,10
6277,2
6278,10
6279,8
6280,10
6281,10
6282,8
6283,8
6284,10
6285,8
6286,10
6287,8
6288,8
6289,10
6290,3
6291,8
6292,10
6293,10
6294,8
6295,10
6296,8
6297,10
6298,10
6299,10
6300,10
6301,3
6302,10
6303,8
6304,8
6305,10
6306,8
6307,8
6308,10
6309,10
6310,10
6311,8
6312,8
6313,8
6314,8
6315,10
6316,8
6317,8
6318,8
6319,3
6320,8
6321,8
6322,10
6323,8
6324,8
6325,10
6326,8
6327,8
6328,8
6329,10
6330,8
6331,8
6332,8
6333,10
6334,8
6335,8
6336,8
6337,10
6338,10
6339,8
6340,8
6341,8
6342,10
6343,8
6344,8
6345,8
6346,10
6347,8
6348,10
6349,8
6350,8
6351,10
6352,10
6353,10
6354,8
6355,10
6356,10
6357,8
6358,10
6359,3
6360,8
6361,8
6362,10
6363,10
6364,10
6365,8
6366,3
6367,8
6368,8
6369,10
6370,10
6371,3
6372,10
6373,8
6374,8
6375,10
6376,8
6377,8
6378,8
6379,8
6380,8
6381,10
6382,10
6383,10
6384,10
6385,8
6386,10
6387,3
6388,7
6389,8
6390,8
6391,8
6392,8
6393,10
6394,10
6395,8
6396,8
6397,8
6398,8
6399,10
6400,8
6401,10
6402,3
6403,3
6404,10
6405,10
6406,8
6407,8
6408,10
6409,8
6410,8
6411,8
6412,8
6413,8
6414,10
6415,8
6416,10
6417,10
6418,8
6419,8
6420,8
6421,10
6422,10
6423,10
6424,3
6425,8
6426,10
6427,8
6428,8
6429,8
6430,10
6431,2
6432,10
6433,10
6434,8
6435,3
6436,3
6437,8
6438,8
6439,8
6440,8
6441,10
6442,8
6443,8
6444,10
6445,8
6446,8
6447,3
6448,8
6449,8
6450,8
6451,10
6452,10
6453,10
6454,8
6455,8
6456,8
6457,10
6458,8
6459,8
6460,10
6461,8
6462,10
6463,8
6464,9
6465,8
6466,10
6467,8
6468,10
6469,8
6470,8
6471,8
6472,8
6473,9
6474,8
6475,10
6476,10
6477,10
6478,10
6479,10
6480,8
6481,10
6482,10
6483,8
6484,8
6485,2
6486,8
6487,8
6488,8
6489,8
6490,8
6491,10
6492,10
6493,8
6494,8
6495,10
6496,10
6497,10
6498,8
6499,8
6500,10
6501,8
6502,8
6503,8
6504,10
6505,8
6506,8
6507,3
6508,10
6509,10
6510,8
6511,10
6512,8
6513,10
6514,3
6515,8
6516,10
6517,10
6518,10
6519,8
6520,0
6521,8
6522,8
6523,10
6524,10
6525,8
6526,9
6527,3
6528,8
6529,8
6530,8
6531,8
6532,8
6533,8
6534,8
6535,2
6536,8
6537,3
6538,2
6539,3
6540,8
6541,8
6542,8
6543,10
6544,8
6545,10
6546,8
6547,8
6548,10
6549,3
6550,8
6551,8
6552,8
6553,10
6554,8
6555,8
6556,8
6557,8
6558,8
6559,8
6560,8
6561,8
6562,10
6563,8
6564,8
6565,8
6566,8
6567,8
6568,8
6569,8
6570,10
6571,10
6572,8
6573,8
6574,8
6575,10
6576,10
6577,8
6578,8
6579,10
6580,8
6581,8
6582,8
6583,3
6584,8
6585,8
6586,8
6587,10
6588,10
6589,8
6590,8
6591,10
6592,8
6593,10
6594,10
6595,3
6596,8
6597,8
6598,8
6599,8
6600,10
6601,10
6602,10
6603,8
6604,10
6605,10
6606,8
6607,10
6608,8
6609,10
6610,10
6611,8
6612,10
6613,2
6614,8
6615,10
6616,10
6617,10
6618,0
6619,8
6620,8
6621,10
6622,8
6623,10
6624,3
6625,8
6626,2
6627,8
6628,8
6629,8
6630,8
6631,10
6632,8
6633,8
6634,10
6635,3
6636,8
6637,10
6638,8
6639,10
6640,10
6641,10
6642,2
6643,8
6644,10
6645,8
6646,10
6647,10
6648,8
6649,10
6650,8
6651,8
6652,10
6653,8
6654,3
6655,8
6656,8
6657,8
6658,10
6659,10
6660,10
6661,8
6662,8
6663,10
6664,10
6665,8
6666,10
6667,8
6668,10
6669,10
6670,8
6671,10
6672,8
6673,8
6674,10
6675,8
6676,8
6677,8
6678,10
6679,8
6680,10
6681,3
6682,3
6683,8
6684,10
6685,8
6686,10
6687,8
6688,3
6689,8
6690,10
6691,8
6692,10
6693,8
6694,2
6695,8
6696,2
6697,8
6698,10
6699,8
6700,8
6701,8
6702,10
6703,8
6704,2
6705,8
6706,8
6707,10
6708,8
6709,8
6710,8
6711,10
6712,8
6713,8
6714,8
6715,10
6716,8
6717,8
6718,10
6719,8
6720,3
6721,8
6722,10
6723,10
6724,8
6725,8
6726,8
6727,8
6728,10
6729,10
6730,8
6731,8
6732,10
6733,10
6734,8
6735,3
6736,8
6737,8
6738,10
6739,8
6740,10
6741,10
6742,8
6743,10
6744,8
6745,10
6746,3
6747,8
6748,0
6749,10
6750,8
6751,10
6752,8
6753,8
6754,8
6755,8
6756,8
6757,8
6758,10
6759,8
6760,8
6761,10
6762,10
6763,8
6764,8
6765,10
6766,10
6767,8
6768,8
6769,8
6770,10
6771,8
6772,10
6773,8
6774,8
6775,3
6776,10
6777,10
6778,3
6779,8
6780,10
6781,8
6782,10
6783,10
6784,8
6785,10
6786,10
6787,8
6788,8
6789,10
6790,8
6791,10
6792,10
6793,10
6794,8
6795,10
6796,10
6797,8
6798,8
6799,8
6800,8
6801,8
6802,10
6803,10
6804,10
6805,10
6806,10
6807,10
6808,10
6809,8
6810,8
6811,10
6812,10
6813,10
6814,8
6815,10
6816,10
6817,8
6818,8
6819,8
6820,8
6821,8
6822,8
6823,8
6824,8
6825,8
6826,8
6827,8
6828,8
6829,10
6830,8
6831,10
6832,3
6833,10
6834,10
6835,8
6836,8
6837,8
6838,8
6839,8
6840,8
6841,8
6842,10
6843,0
6844,8
6845,10
6846,8
6847,10
6848,8
6849,10
6850,8
6851,8
6852,8
6853,10
6854,10
6855,10
6856,8
6857,10
6858,8
6859,3
6860,10
6861,8
6862,8
6863,8
6864,10
6865,10
6866,10
6867,10
6868,10
6869,2
6870,3
6871,8
6872,8
6873,8
6874,8
6875,3
6876,10
6877,10
6878,10
6879,3
6880,8
6881,8
6882,10
6883,8
6884,10
6885,8
6886,8
6887,10
6888,8
6889,10
6890,8
6891,10
6892,8
6893,8
6894,8
6895,3
6896,10
6897,10
6898,8
6899,8
6900,8
6901,8
6902,10
6903,10
6904,8
6905,8
6906,3
6907,8
6908,10
6909,8
6910,10
6911,10
6912,8
6913,8
6914,10
6915,8
6916,8
6917,3
6918,8
6919,10
6920,10
6921,7
6922,8
6923,8
6924,10
6925,10
6926,10
6927,8
6928,10
6929,9
6930,8
6931,10
6932,8
6933,10
6934,8
6935,10
6936,10
6937,10
6938,8
6939,8
6940,10
6941,10
6942,10
6943,3
6944,10
6945,8
6946,8
6947,3
6948,8
6949,8
6950,8
6951,8
6952,10
6953,10
6954,8
6955,10
6956,8
6957,8
6958,8
6959,2
6960,10
6961,10
6962,8
6963,10
6964,8
6965,10
6966,10
6967,10
6968,10
6969,8
6970,10
6971,10
6972,8
6973,8
6974,3
6975,10
6976,10
6977,10
6978,10
6979,8
6980,8
6981,8
6982,8
6983,8
6984,10
6985,10
6986,8
6987,3
6988,8
6989,8
6990,10
6991,8
6992,8
6993,3
6994,10
6995,8
6996,10
6997,8
6998,8
6999,8
7000,10
7001,8
7002,8
7003,8
7004,9
7005,3
7006,10
7007,8
7008,8
7009,3
7010,8
7011,8
7012,8
7013,10
7014,10
7015,8
7016,10
7017,10
7018,8
7019,10
7020,3
7021,8
7022,8
7023,10
7024,10
7025,2
7026,8
7027,8
7028,8
7029,10
7030,8
7031,8
7032,10
7033,10
7034,10
7035,10
7036,8
7037,10
7038,8
7039,10
7040,10
7041,10
7042,8
7043,10
7044,3
7045,8
7046,8
7047,8
7048,10
7049,8
7050,10
7051,8
7052,10
7053,8
7054,8
7055,3
7056,8
7057,8
7058,8
7059,8
7060,10
7061,8
7062,3
7063,8
7064,8
7065,10
7066,8
7067,8
7068,8
7069,10
7070,8
7071,8
7072,8
7073,3
7074,8
7075,8
7076,3
7077,10
7078,10
7079,8
7080,8
7081,8
7082,8
7083,8
7084,8
7085,8
7086,10
7087,8
7088,8
7089,8
7090,8
7091,8
7092,3
7093,10
7094,3
7095,8
7096,10
7097,10
7098,8
7099,10
7100,10
7101,8
7102,10
7103,8
7104,10
7105,8
7106,8
7107,3
7108,8
7109,8
7110,8
7111,8
7112,10
7113,10
7114,8
7115,8
7116,10
7117,10
7118,8
7119,8
7120,10
7121,10
7122,8
7123,8
7124,8
7125,10
7126,10
7127,10
7128,10
7129,8
7130,10
7131,0
7132,3
7133,8
7134,8
7135,8
7136,10
7137,3
7138,10
7139,8
7140,8
7141,8
7142,8
7143,2
7144,8
7145,10
7146,10
7147,8
7148,8
7149,10
7150,3
7151,3
7152,10
7153,10
7154,8
7155,8
7156,8
7157,8
7158,10
7159,8
7160,8
7161,10
7162,8
7163,8
7164,8
7165,9
7166,10
7167,8
7168,8
7169,8
7170,10
7171,10
7172,10
7173,8
7174,8
7175,8
7176,10
7177,10
7178,10
7179,10
7180,8
7181,10
7182,8
7183,10
7184,8
7185,10
7186,3
7187,8
7188,8
7189,8
7190,8
7191,10
7192,10
7193,8
7194,3
7195,8
7196,8
7197,8
7198,8
7199,8
7200,10
7201,8
7202,8
7203,8
7204,8
7205,8
7206,10
7207,8
7208,10
7209,10
7210,3
7211,8
7212,10
7213,10
7214,8
7215,3
7216,8
7217,10
7218,8
7219,8
7220,10
7221,10
7222,10
7223,3
7224,10
7225,10
7226,3
7227,10
7228,8
7229,10
7230,10
7231,8
7232,8
7233,8
7234,8
7235,8
7236,8
7237,3
7238,10
7239,8
7240,8
7241,10
7242,8
7243,10
7244,10
7245,3
7246,10
7247,10
7248,8
7249,8
7250,3
7251,10
7252,10
7253,8
7254,8
7255,8
7256,10
7257,8
7258,8
7259,10
7260,8
7261,8
7262,8
7263,10
7264,8
7265,8
7266,8
7267,8
7268,8
7269,10
7270,8
7271,8
7272,10
7273,10
7274,8
7275,8
7276,8
7277,8
7278,8
7279,8
7280,8
7281,10
7282,8
7283,8
7284,8
7285,8
7286,8
7287,8
7288,8
7289,8
7290,8
7291,10
7292,8
7293,3
7294,3
7295,10
7296,8
7297,10
7298,8
7299,8
7300,2
7301,10
7302,8
7303,8
7304,10
7305,10
7306,8
7307,8
7308,3
7309,10
7310,8
7311,8
7312,8
7313,10
7314,10
7315,10
7316,8
7317,8
7318,10
7319,10
7320,10
7321,8
7322,8
7323,10
7324,10
7325,8
7326,8
7327,8
7328,8
7329,8
7330,10
7331,8
7332,10
7333,8
7334,8
7335,8
7336,10
7337,10
7338,8
7339,10
7340,10
7341,10
7342,8
7343,10
7344,10
7345,8
7346,3
7347,8
7348,8
7349,10
7350,8
7351,10
7352,10
7353,3
7354,8
7355,10
7356,8
7357,3
7358,8
7359,8
7360,8
7361,8
7362,10
7363,8
7364,3
7365,10
7366,10
7367,8
7368,8
7369,3
7370,8
7371,10
7372,10
7373,8
7374,0
7375,10
7376,8
7377,8
7378,8
7379,10
7380,8
7381,8
7382,8
7383,10
7384,8
7385,10
7386,8
7387,10
7388,10
7389,10
7390,8
7391,8
7392,10
7393,10
7394,8
7395,10
7396,8
7397,10
7398,8
7399,8
7400,10
7401,8
7402,8
7403,8
7404,8
7405,10
7406,8
7407,8
7408,10
7409,10
7410,10
7411,8
7412,8
7413,10
7414,8
7415,8
7416,10
7417,10
7418,8
7419,8
7420,10
7421,8
7422,8
7423,8
7424,10
7425,8
7426,8
7427,8
7428,8
7429,3
7430,8
7431,8
7432,10
7433,8
7434,10
7435,10
7436,8
7437,10
7438,8
7439,10
7440,10
7441,10
7442,10
7443,8
7444,8
7445,8
7446,10
7447,8
7448,10
7449,8
7450,10
7451,8
7452,10
7453,10
7454,10
7455,10
7456,10
7457,8
7458,2
7459,8
7460,2
7461,3
7462,8
7463,9
7464,10
7465,10
7466,8
7467,8
7468,8
7469,8
7470,8
7471,8
7472,10
7473,8
7474,8
7475,3
7476,8
7477,3
7478,8
7479,3
7480,8
7481,8
7482,10
7483,8
7484,8
7485,10
7486,8
7487,3
7488,10
7489,10
7490,8
7491,8
7492,8
7493,8
7494,8
7495,10
7496,8
7497,10
7498,10
7499,10
7500,10
7501,10
7502,10
7503,10
7504,8
7505,3
7506,10
7507,8
7508,3
7509,8
7510,10
7511,8
7512,8
7513,8
7514,10
7515,8
7516,10
7517,8
7518,10
7519,10
7520,8
7521,8
7522,8
7523,10
7524,8
7525,10
7526,8
7527,8
7528,8
7529,10
7530,8
7531,10
7532,2
7533,3
7534,8
7535,8
7536,8
7537,8
7538,8
7539,10
7540,8
7541,10
7542,8
7543,8
7544,8
7545,8
7546,8
7547,10
7548,3
7549,8
7550,3
7551,10
7552,8
7553,8
7554,8
7555,8
7556,10
7557,3
7558,10
7559,3
7560,8
7561,10
7562,8
7563,8
7564,10
7565,10
7566,8
7567,8
7568,10
7569,10
7570,8
7571,8
7572,10
7573,8
7574,10
7575,8
7576,8
7577,10
7578,3
7579,8
7580,8
7581,3
7582,2
7583,10
7584,8
7585,8
7586,8
7587,8
7588,3
7589,10
7590,10
7591,3
7592,8
7593,9
7594,10
7595,10
7596,8
7597,3
7598,8
7599,10
7600,10
7601,10
7602,8
7603,10
7604,8
7605,10
7606,8
7607,10
7608,10
7609,8
7610,8
7611,10
7612,8
7613,8
7614,8
7615,8
7616,8
7617,3
7618,8
7619,8
7620,10
7621,8
7622,10
7623,8
7624,2
7625,8
7626,8
7627,8
7628,10
7629,10
7630,8
7631,8
7632,10
7633,10
7634,3
7635,8
7636,3
7637,10
7638,8
7639,3
7640,10
7641,8
7642,8
7643,10
7644,10
7645,8
7646,10
7647,10
7648,3
7649,8
7650,7
7651,10
7652,8
7653,10
7654,8
7655,10
7656,8
7657,10
7658,8
7659,8
7660,8
7661,8
7662,2
7663,10
7664,10
7665,10
7666,8
7667,3
7668,3
7669,8
7670,10
7671,10
7672,8
7673,8
7674,10
7675,8
7676,8
7677,3
7678,10
7679,10
7680,8
7681,10
7682,8
7683,10
7684,8
7685,8
7686,8
7687,10
7688,8
7689,8
7690,10
7691,8
7692,8
7693,8
7694,8
7695,10
7696,10
7697,10
7698,2
7699,8
7700,8
7701,10
7702,10
7703,8
7704,8
7705,10
7706,8
7707,10
7708,8
7709,10
7710,8
7711,8
7712,8
7713,8
7714,10
7715,8
7716,8
7717,8
7718,8
7719,8
7720,8
7721,8
7722,3
7723,8
7724,10
7725,10
7726,8
7727,10
7728,3
7729,8
7730,10
7731,8
7732,8
7733,8
7734,8
7735,10
7736,10
7737,3
7738,8
7739,8
7740,10
7741,8
7742,8
7743,8
7744,10
7745,8
7746,8
7747,10
7748,8
7749,8
7750,10
7751,8
7752,10
7753,8
7754,8
7755,10
7756,10
7757,10
7758,10
7759,10
7760,8
7761,8
7762,10
7763,8
7764,8
7765,8
7766,3
7767,8
7768,10
7769,10
7770,10
7771,8
7772,8
7773,8
7774,10
7775,10
7776,10
7777,10
7778,10
7779,10
7780,8
7781,8
7782,10
7783,8
7784,10
7785,3
7786,8
7787,8
7788,10
7789,10
7790,8
7791,8
7792,3
7793,8
7794,10
7795,8
7796,10
7797,10
7798,8
7799,8
7800,10
7801,8
7802,8
7803,10
7804,8
7805,8
7806,10
7807,10
7808,8
7809,10
7810,10
7811,10
7812,8
7813,8
7814,8
7815,10
7816,10
7817,8
7818,8
7819,8
7820,8
7821,8
7822,2
7823,8
7824,8
7825,8
7826,8
7827,10
7828,8
7829,8
7830,8
7831,10
7832,8
7833,8
7834,8
7835,10
7836,8
7837,8
7838,8
7839,10
7840,8
7841,8
7842,10
7843,8
7844,10
7845,10
7846,10
7847,8
7848,10
7849,8
7850,10
7851,10
7852,10
7853,8
7854,8
7855,10
7856,10
7857,8
7858,8
7859,10
7860,10
7861,8
7862,8
7863,8
7864,10
7865,8
7866,8
7867,8
7868,8
7869,8
7870,8
7871,3
7872,10
7873,8
7874,10
7875,8
7876,3
7877,8
7878,10
7879,8
7880,8
7881,8
7882,10
7883,8
7884,8
7885,8
7886,8
7887,8
7888,8
7889,8
7890,8
7891,8
7892,3
7893,8
7894,8
7895,10
7896,8
7897,8
7898,10
7899,8
7900,3
7901,8
7902,10
7903,8
7904,10
7905,10
7906,10
7907,8
7908,8
7909,8
7910,10
7911,10
7912,8
7913,3
7914,10
7915,10
7916,8
7917,8
7918,8
7919,8
7920,10
7921,10
7922,10
7923,8
7924,8
7925,8
7926,10
7927,8
7928,8
7929,10
7930,8
7931,8
7932,3
7933,3
7934,8
7935,10
7936,8
7937,8
7938,10
7939,8
7940,10
7941,8
7942,8
7943,8
7944,10
7945,10
7946,10
7947,8
7948,8
7949,8
7950,8
7951,8
7952,8
7953,8
7954,8
7955,10
7956,10
7957,8
7958,8
7959,3
7960,10
7961,10
7962,8
7963,7
7964,10
7965,10
7966,10
7967,10
7968,8
7969,8
7970,8
7971,10
7972,10
7973,8
7974,10
7975,8
7976,10
7977,8
7978,10
7979,10
7980,10
7981,8
7982,8
7983,10
7984,8
7985,8
7986,10
7987,8
7988,10
7989,10
7990,10
7991,8
7992,10
7993,10
7994,3
7995,10
7996,8
7997,10
7998,10
7999,10
8000,3
8001,10
8002,8
8003,10
8004,10
8005,8
8006,10
8007,10
8008,10
8009,8
8010,3
8011,8
8012,8
8013,8
8014,8
8015,8
8016,10
8017,10
8018,8
8019,8
8020,10
8021,8
8022,8
8023,8
8024,10
8025,8
8026,2
8027,8
8028,10
8029,10
8030,10
8031,10
8032,8
8033,10
8034,10
8035,8
8036,10
8037,8
8038,3
8039,3
8040,10
8041,8
8042,8
8043,10
8044,10
8045,8
8046,8
8047,8
8048,8
8049,8
8050,10
8051,2
8052,8
8053,10
8054,10
8055,10
8056,10
8057,8
8058,8
8059,8
8060,10
8061,8
8062,2
8063,10
8064,2
8065,10
8066,8
8067,10
8068,10
8069,10
8070,8
8071,10
8072,8
8073,8
8074,10
8075,8
8076,10
8077,10
8078,3
8079,8
8080,10
8081,10
8082,10
8083,3
8084,8
8085,8
8086,8
8087,10
8088,8
8089,8
8090,8
8091,2
